{
    "header": {
        "seq": null,
        "stamp": "1717036947.434838379",
        "frame_id": "realsense1_color_optical_frame"
    },
    "height": 480,
    "width": 640,
    "distortion_model": "plumb_bob",
    "D": [
        -0.049966245889663696,
        0.05802641436457634,
        -0.0012045346666127443,
        0.0009683643584139645,
        -0.017745455726981163
    ],
    "K": [
        387.7640380859375,
        0.0,
        316.10284423828125,
        0.0,
        387.5608215332031,
        247.1509552001953,
        0.0,
        0.0,
        1.0
    ],
    "R": [
        1.0,
        0.0,
        0.0,
        0.0,
        1.0,
        0.0,
        0.0,
        0.0,
        1.0
    ],
    "P": [
        387.7640380859375,
        0.0,
        316.10284423828125,
        0.0,
        0.0,
        387.5608215332031,
        247.1509552001953,
        0.0,
        0.0,
        0.0,
        1.0,
        0.0
    ],
    "binning_x": 0,
    "binning_y": 0,
    "roi": {
        "x_offset": 0,
        "y_offset": 0,
        "height": 0,
        "width": 0,
        "do_rectify": false
    }
}
